-- phpMyAdmin SQL Dump
-- version 5.0.3
-- https://www.phpmyadmin.net/
--
-- Host: 127.0.0.1
-- Generation Time: Jul 26, 2021 at 03:57 PM
-- Server version: 10.4.14-MariaDB
-- PHP Version: 7.2.34

SET SQL_MODE = "NO_AUTO_VALUE_ON_ZERO";
START TRANSACTION;
SET time_zone = "+00:00";


/*!40101 SET @OLD_CHARACTER_SET_CLIENT=@@CHARACTER_SET_CLIENT */;
/*!40101 SET @OLD_CHARACTER_SET_RESULTS=@@CHARACTER_SET_RESULTS */;
/*!40101 SET @OLD_COLLATION_CONNECTION=@@COLLATION_CONNECTION */;
/*!40101 SET NAMES utf8mb4 */;

--
-- Database: `formtask_db`
--

-- --------------------------------------------------------

--
-- Table structure for table `bill_details_tbl`
--

CREATE TABLE `bill_details_tbl` (
  `BD_ID` int(11) NOT NULL,
  `BM_ID` int(11) NOT NULL,
  `PROD_ID` int(11) NOT NULL,
  `PROD_DISC` varchar(255) DEFAULT NULL,
  `RATE` float(11,2) NOT NULL,
  `QNTY` float(11,2) NOT NULL,
  `UNIT` varchar(20) NOT NULL,
  `AMT` float(11,2) NOT NULL,
  `DISC` int(11) NOT NULL,
  `DISC_MODE` varchar(50) NOT NULL,
  `DISC_AMT` float(11,2) NOT NULL,
  `TAXABLE_AMT` float(11,2) NOT NULL,
  `TAX_RATE` float(11,2) NOT NULL,
  `TAX_AMT` float(11,2) NOT NULL,
  `TOT_AMT` float(11,2) NOT NULL,
  `DEL_FLAG` int(11) NOT NULL DEFAULT 1
) ENGINE=InnoDB DEFAULT CHARSET=latin1;

--
-- Dumping data for table `bill_details_tbl`
--

INSERT INTO `bill_details_tbl` (`BD_ID`, `BM_ID`, `PROD_ID`, `PROD_DISC`, `RATE`, `QNTY`, `UNIT`, `AMT`, `DISC`, `DISC_MODE`, `DISC_AMT`, `TAXABLE_AMT`, `TAX_RATE`, `TAX_AMT`, `TOT_AMT`, `DEL_FLAG`) VALUES
(1, 1, 58, '', 1026.80, 1.00, 'NO', 1026.80, 0, '%', 0.00, 1904.50, 12.00, 123.22, 1150.02, 0),
(2, 1, 29, '', 759.00, 1.00, 'NO', 759.00, 0, '%', 0.00, 1904.50, 12.00, 91.08, 850.08, 0),
(3, 1, 435, '', 118.70, 1.00, 'No', 118.70, 0, '%', 0.00, 118.70, 18.00, 21.37, 140.07, 1),
(4, 1, 930, '', 12.75, 10.00, 'No', 127.50, 0, '%', 0.00, 127.50, 18.00, 22.95, 150.45, 1),
(5, 1, 87, '', 101.70, 1.00, 'NO', 101.70, 0, '%', 0.00, 101.70, 18.00, 18.31, 120.01, 1),
(6, 1, 29, '', 759.00, 1.00, 'NO', 759.00, 0, '%', 0.00, 759.00, 12.00, 91.08, 850.08, 1),
(7, 1, 58, '', 1026.75, 1.00, 'No', 1026.75, 0, '%', 0.00, 1026.75, 12.00, 123.21, 1149.96, 1),
(8, 1, 951, '', 18.60, 13.00, 'No', 241.80, 0, '%', 0.00, 241.80, 18.00, 43.52, 285.32, 1),
(9, 1, 952, '', 55.00, 15.00, 'No', 825.00, 0, '%', 0.00, 825.00, 18.00, 148.50, 973.50, 1),
(10, 1, 948, '', 142.29, 4.00, 'No', 569.16, 0, '%', 0.00, 569.16, 18.00, 102.45, 671.61, 1),
(11, 1, 512, '', 113.22, 4.00, 'No', 452.88, 0, '%', 0.00, 452.88, 18.00, 81.52, 534.40, 1),
(12, 1, 427, '', 21.00, 1.00, 'No', 21.00, 0, '%', 0.00, 21.00, 18.00, 3.78, 24.78, 1),
(13, 2, 239, '', 215.00, 10.00, 'NO', 2150.00, 0, '%', 0.00, 2150.00, 12.00, 258.00, 2408.00, 1),
(14, 2, 213, '', 267.50, 17.00, 'NO', 4547.50, 0, '%', 0.00, 4547.50, 12.00, 545.70, 5093.20, 1),
(15, 3, 207, '', 267.50, 40.00, 'NO', 10700.00, 0, '%', 0.00, 10700.00, 12.00, 1284.00, 11984.00, 1),
(16, 4, 442, '', 22.90, 117.00, 'No', 2679.30, 0, '%', 0.00, 9881.64, 18.00, 482.27, 3161.57, 1),
(17, 4, 461, '', 72.00, 24.00, 'No', 1728.00, 0, '%', 0.00, 9881.64, 18.00, 311.04, 2039.04, 1),
(18, 4, 443, '', 107.10, 11.00, 'No', 1178.10, 0, '%', 0.00, 9881.64, 18.00, 212.06, 1390.16, 1),
(19, 4, 462, '', 138.21, 11.00, 'No', 1520.31, 0, '%', 0.00, 9881.64, 18.00, 273.66, 1793.97, 1),
(20, 4, 529, '', 202.98, 11.00, 'No', 2232.78, 0, '%', 0.00, 9881.64, 18.00, 401.90, 2634.68, 1),
(21, 4, 527, '', 157.59, 2.00, 'No', 315.18, 0, '%', 0.00, 9881.64, 18.00, 56.73, 371.91, 1),
(22, 4, 526, '', 75.99, 3.00, 'No', 227.97, 0, '%', 0.00, 9881.64, 18.00, 41.03, 269.00, 1),
(23, 5, 214, '', 284.62, 10.00, 'NO', 2846.20, 0, '%', 0.00, 2846.20, 12.00, 341.54, 3187.74, 1),
(24, 6, 978, '', 195.00, 40.00, 'No', 7800.00, 0, '%', 0.00, 7800.00, 18.00, 1404.00, 9204.00, 1),
(25, 7, 961, '', 143.31, 1.00, 'No', 143.31, 0, '%', 0.00, 4921.43, 18.00, 25.80, 169.11, 1),
(26, 7, 959, '', 102.49, 20.00, 'No', 2049.80, 0, '%', 0.00, 4921.43, 18.00, 368.96, 2418.76, 1),
(27, 7, 957, '', 75.99, 2.00, 'No', 151.98, 0, '%', 0.00, 4921.43, 18.00, 27.36, 179.34, 1),
(28, 7, 958, '', 75.99, 6.00, 'No', 455.94, 0, '%', 0.00, 4921.43, 18.00, 82.07, 538.01, 1),
(29, 7, 956, '', 57.12, 8.00, 'No', 456.96, 0, '%', 0.00, 4921.43, 18.00, 82.25, 539.21, 1),
(30, 7, 955, '', 46.92, 12.00, 'No', 563.04, 0, '%', 0.00, 4921.43, 18.00, 101.35, 664.39, 1),
(31, 7, 954, '', 38.76, 10.00, 'No', 387.60, 0, '%', 0.00, 4921.43, 18.00, 69.77, 457.37, 1),
(32, 7, 953, '', 29.70, 24.00, 'No', 712.80, 0, '%', 0.00, 4921.43, 18.00, 128.30, 841.10, 1),
(33, 8, 961, '', 143.31, 1.00, 'No', 143.31, 0, '%', 0.00, 4921.43, 18.00, 25.80, 169.11, 1),
(34, 8, 959, '', 102.49, 20.00, 'No', 2049.80, 0, '%', 0.00, 4921.43, 18.00, 368.96, 2418.76, 1),
(35, 8, 957, '', 75.99, 2.00, 'No', 151.98, 0, '%', 0.00, 4921.43, 18.00, 27.36, 179.34, 1),
(36, 8, 958, '', 75.99, 6.00, 'No', 455.94, 0, '%', 0.00, 4921.43, 18.00, 82.07, 538.01, 1),
(37, 8, 956, '', 57.12, 8.00, 'No', 456.96, 0, '%', 0.00, 4921.43, 18.00, 82.25, 539.21, 1),
(38, 8, 955, '', 46.92, 12.00, 'No', 563.04, 0, '%', 0.00, 4921.43, 18.00, 101.35, 664.39, 1),
(39, 8, 954, '', 38.76, 10.00, 'No', 387.60, 0, '%', 0.00, 4921.43, 18.00, 69.77, 457.37, 1),
(40, 8, 953, '', 29.70, 24.00, 'No', 712.80, 0, '%', 0.00, 4921.43, 18.00, 128.30, 841.10, 1),
(41, 9, 979, '', 6320.00, 10.00, 'No', 63200.00, 0, '%', 0.00, 63200.00, 12.00, 7584.00, 70784.00, 1),
(42, 10, 974, '', 50.43, 300.00, 'MTR', 15129.00, 0, '%', 0.00, 15129.00, 18.00, 2723.22, 17852.22, 1),
(43, 10, 23, '', 42.38, 3.00, 'NO', 127.14, 0, '%', 0.00, 127.14, 18.00, 22.89, 150.03, 1),
(44, 10, 10, '', 105.95, 6.00, 'NO', 635.70, 0, '%', 0.00, 635.70, 18.00, 114.43, 750.13, 1),
(45, 10, 442, '', 22.90, 65.00, 'No', 1488.50, 0, '%', 0.00, 1488.50, 18.00, 267.93, 1756.43, 1),
(46, 10, 461, '', 67.80, 30.00, 'No', 2034.00, 0, '%', 0.00, 2034.00, 18.00, 366.12, 2400.12, 1),
(47, 10, 446, '', 63.60, 5.00, 'No', 318.00, 0, '%', 0.00, 318.00, 18.00, 57.24, 375.24, 1),
(48, 10, 296, '', 21.20, 6.00, 'NO', 127.20, 0, '%', 0.00, 127.20, 18.00, 22.90, 150.10, 1),
(49, 10, 450, '', 15.25, 15.00, 'No', 228.75, 0, '%', 0.00, 228.75, 18.00, 41.17, 269.93, 1),
(50, 10, 527, '', 155.00, 5.00, 'No', 775.00, 0, '%', 0.00, 775.00, 18.00, 139.50, 914.50, 1),
(51, 10, 522, '', 100.00, 9.00, 'No', 900.00, 0, '%', 0.00, 900.00, 18.00, 162.00, 1062.00, 1),
(52, 10, 526, '', 68.10, 3.00, 'No', 204.30, 0, '%', 0.00, 204.30, 18.00, 36.77, 241.07, 1),
(53, 10, 512, '', 102.50, 5.00, 'No', 512.50, 0, '%', 0.00, 512.50, 18.00, 92.25, 604.75, 1),
(54, 10, 511, '', 85.00, 5.00, 'No', 425.00, 0, '%', 0.00, 425.00, 18.00, 76.50, 501.50, 1),
(55, 10, 509, '', 78.00, 9.00, 'MTR', 702.00, 0, '%', 0.00, 702.00, 18.00, 126.36, 828.36, 1),
(56, 10, 508, '', 49.20, 3.00, 'No', 147.60, 0, '%', 0.00, 147.60, 18.00, 26.57, 174.17, 1),
(57, 10, 530, '', 128.00, 5.00, 'No', 640.00, 0, '%', 0.00, 640.00, 18.00, 115.20, 755.20, 1),
(58, 2, 60, '', 7.12, 25.00, 'NO', 178.00, 0, '%', 0.00, 178.00, 18.00, 32.04, 210.04, 1),
(59, 2, 225, '', 47.30, 50.00, 'MTR', 2365.00, 0, '%', 0.00, 2365.00, 12.00, 283.80, 2648.80, 1),
(60, 2, 241, '', 358.60, 5.00, 'NO', 1793.00, 0, '%', 0.00, 1793.00, 12.00, 215.16, 2008.16, 1),
(61, 2, 240, '', 171.60, 10.00, 'NO', 1716.00, 0, '%', 0.00, 1716.00, 12.00, 205.92, 1921.92, 1),
(62, 11, 555, '', 28.50, 30.00, 'No', 855.00, 0, '%', 0.00, 16775.67, 18.00, 153.90, 1008.90, 1),
(63, 11, 556, '', 28.50, 20.00, 'No', 570.00, 0, '%', 0.00, 16775.67, 18.00, 102.60, 672.60, 1),
(64, 11, 557, '', 20.91, 15.00, 'No', 313.65, 0, '%', 0.00, 16775.67, 18.00, 56.46, 370.11, 1),
(65, 11, 442, '', 22.90, 200.00, 'No', 4580.00, 0, '%', 0.00, 16775.67, 18.00, 824.40, 5404.40, 1),
(66, 11, 456, '', 111.18, 1.00, 'No', 111.18, 0, '%', 0.00, 16775.67, 18.00, 20.01, 131.19, 1),
(67, 11, 450, '', 14.79, 30.00, 'No', 443.70, 0, '%', 0.00, 16775.67, 18.00, 79.87, 523.57, 1),
(68, 11, 441, '', 8.50, 10.00, 'No', 85.00, 0, '%', 0.00, 16775.67, 18.00, 15.30, 100.30, 1),
(69, 11, 447, '', 62.22, 20.00, 'No', 1244.40, 0, '%', 0.00, 16775.67, 18.00, 223.99, 1468.39, 1),
(70, 11, 444, '', 69.87, 20.00, 'No', 1397.40, 0, '%', 0.00, 16775.67, 18.00, 251.53, 1648.93, 1),
(71, 11, 443, '', 107.10, 10.00, 'No', 1071.00, 0, '%', 0.00, 16775.67, 18.00, 192.78, 1263.78, 1),
(72, 11, 457, '', 188.19, 6.00, 'No', 1129.14, 0, '%', 0.00, 16775.67, 18.00, 203.25, 1332.39, 1),
(73, 11, 458, '', 266.22, 10.00, 'No', 2662.20, 0, '%', 0.00, 16775.67, 18.00, 479.20, 3141.40, 1),
(74, 11, 461, '', 77.10, 30.00, 'No', 2313.00, 0, '%', 0.00, 16775.67, 18.00, 416.34, 2729.34, 1),
(75, 12, 462, '', 138.21, 10.00, 'No', 1382.10, 0, '%', 0.00, 15063.82, 18.00, 248.78, 1630.88, 1),
(76, 12, 446, '', 65.28, 10.00, 'No', 652.80, 0, '%', 0.00, 15063.82, 18.00, 117.50, 770.30, 1),
(77, 12, 563, '', 102.00, 2.00, 'No', 204.00, 0, '%', 0.00, 15063.82, 18.00, 36.72, 240.72, 1),
(78, 12, 100, '', 9.00, 60.00, 'No', 540.00, 0, '%', 0.00, 15063.82, 18.00, 97.20, 637.20, 1),
(79, 12, 24, '', 1250.00, 2.00, 'No', 2500.00, 0, '%', 0.00, 15063.82, 18.00, 450.00, 2950.00, 1),
(80, 12, 83, '', 350.00, 2.00, 'NO', 700.00, 0, '%', 0.00, 15063.82, 18.00, 126.00, 826.00, 1),
(81, 12, 131, '', 100.00, 8.00, 'No', 800.00, 0, '%', 0.00, 15063.82, 18.00, 144.00, 944.00, 1),
(82, 12, 36, '', 100.00, 6.00, 'No', 600.00, 0, '%', 0.00, 15063.82, 18.00, 108.00, 708.00, 1),
(83, 12, 63, '', 100.00, 6.00, 'No', 600.00, 0, '%', 0.00, 15063.82, 18.00, 108.00, 708.00, 1),
(84, 12, 497, '', 34.17, 10.00, 'No', 341.70, 0, '%', 0.00, 15063.82, 18.00, 61.51, 403.21, 1),
(85, 12, 498, '', 45.39, 8.00, 'No', 363.12, 0, '%', 0.00, 15063.82, 18.00, 65.36, 428.48, 1),
(86, 12, 499, '', 55.59, 12.00, 'No', 667.08, 0, '%', 0.00, 15063.82, 18.00, 120.07, 787.15, 1),
(87, 12, 500, '', 67.32, 15.00, 'No', 1009.80, 0, '%', 0.00, 15063.82, 18.00, 181.76, 1191.56, 1),
(88, 12, 502, '', 89.25, 10.00, 'No', 892.50, 0, '%', 0.00, 15063.82, 18.00, 160.65, 1053.15, 1),
(89, 12, 503, '', 111.18, 15.00, 'No', 1667.70, 0, '%', 0.00, 15063.82, 18.00, 300.19, 1967.89, 1),
(90, 12, 504, '', 139.23, 4.00, 'No', 556.92, 0, '%', 0.00, 15063.82, 18.00, 100.25, 657.17, 1),
(91, 12, 505, '', 158.61, 10.00, 'No', 1586.10, 0, '%', 0.00, 15063.82, 18.00, 285.50, 1871.60, 1),
(92, 13, 523, '', 51.00, 2.00, 'No', 102.00, 0, '%', 0.00, 11408.10, 18.00, 18.36, 120.36, 1),
(93, 13, 524, '', 51.00, 5.00, 'No', 255.00, 0, '%', 0.00, 11408.10, 18.00, 45.90, 300.90, 1),
(94, 13, 525, '', 63.24, 10.00, 'No', 632.40, 0, '%', 0.00, 11408.10, 18.00, 113.83, 746.23, 1),
(95, 13, 526, '', 75.99, 12.00, 'No', 911.88, 0, '%', 0.00, 11408.10, 18.00, 164.14, 1076.02, 1),
(96, 13, 522, '', 102.51, 15.00, 'No', 1537.65, 0, '%', 0.00, 11408.10, 18.00, 276.78, 1814.43, 1),
(97, 13, 530, '', 143.31, 15.00, 'No', 2149.65, 0, '%', 0.00, 11408.10, 18.00, 386.94, 2536.59, 1),
(98, 13, 531, '', 131.70, 12.00, 'No', 1580.40, 0, '%', 0.00, 11408.10, 18.00, 284.47, 1864.87, 1),
(99, 13, 527, '', 157.59, 20.00, 'No', 3151.80, 0, '%', 0.00, 11408.10, 18.00, 567.32, 3719.12, 1),
(100, 13, 528, '', 170.34, 4.00, 'No', 681.36, 0, '%', 0.00, 11408.10, 18.00, 122.64, 804.00, 1),
(101, 13, 529, '', 202.98, 2.00, 'No', 405.96, 0, '%', 0.00, 11408.10, 18.00, 73.07, 479.03, 1),
(102, 14, 213, '', 275.00, 30.00, 'No', 8250.00, 0, '%', 0.00, 17550.00, 12.00, 990.00, 9240.00, 1),
(103, 14, 207, '', 275.00, 20.00, 'NO', 5500.00, 0, '%', 0.00, 17550.00, 12.00, 660.00, 6160.00, 1),
(104, 14, 182, '', 190.00, 20.00, 'No', 3800.00, 0, '%', 0.00, 17550.00, 12.00, 456.00, 4256.00, 1),
(105, 15, 723, '', 120.00, 10.00, 'No', 1200.00, 0, '%', 0.00, 16490.00, 12.00, 144.00, 1344.00, 1),
(106, 15, 729, '', 85.00, 5.00, 'NO', 425.00, 0, '%', 0.00, 16490.00, 12.00, 51.00, 476.00, 1),
(107, 15, 728, '', 60.00, 10.00, 'No', 600.00, 0, '%', 0.00, 16490.00, 12.00, 72.00, 672.00, 1),
(108, 15, 726, '', 55.00, 3.00, 'No', 165.00, 0, '%', 0.00, 16490.00, 12.00, 19.80, 184.80, 1),
(109, 15, 225, '', 60.00, 20.00, 'MTR', 1200.00, 0, '%', 0.00, 16490.00, 12.00, 144.00, 1344.00, 1),
(110, 15, 319, '', 1450.00, 6.00, 'No', 8700.00, 0, '%', 0.00, 16490.00, 18.00, 1566.00, 10266.00, 1),
(111, 15, 322, '', 1400.00, 3.00, 'No', 4200.00, 0, '%', 0.00, 16490.00, 18.00, 756.00, 4956.00, 1),
(112, 16, 116, '', 950.00, 2.00, 'No', 1900.00, 0, '%', 0.00, 4525.70, 12.00, 228.00, 2128.00, 1),
(113, 16, 29, '', 750.00, 2.00, 'No', 1500.00, 0, '%', 0.00, 4525.70, 12.00, 180.00, 1680.00, 1),
(114, 16, 73, '', 750.00, 1.00, 'No', 750.00, 0, '%', 0.00, 4525.70, 12.00, 90.00, 840.00, 1),
(115, 16, 241, '', 375.70, 1.00, 'No', 375.70, 0, '%', 0.00, 4525.70, 12.00, 45.08, 420.78, 1),
(116, 17, 961, '', 143.31, 2.00, 'No', 286.62, 0, '%', 0.00, 1048.90, 18.00, 51.59, 338.21, 1),
(117, 17, 956, '', 57.12, 6.00, 'No', 342.72, 0, '%', 0.00, 1048.90, 18.00, 61.69, 404.41, 1),
(118, 17, 954, '', 38.76, 6.00, 'No', 232.56, 0, '%', 0.00, 1048.90, 18.00, 41.86, 274.42, 1),
(119, 17, 232, '', 8.50, 2.00, 'No', 17.00, 0, '%', 0.00, 1048.90, 18.00, 3.06, 20.06, 1),
(120, 17, 853, '', 8.50, 20.00, 'MTR', 170.00, 0, '%', 0.00, 1048.90, 18.00, 30.60, 200.60, 1),
(121, 18, 145, '', 89.30, 10.00, 'No', 893.00, 0, '%', 0.00, 2979.20, 12.00, 107.16, 1000.16, 1),
(122, 18, 182, '', 208.62, 10.00, 'No', 2086.20, 0, '%', 0.00, 2979.20, 12.00, 250.34, 2336.54, 1),
(123, 19, 207, '', 267.50, 40.00, 'No', 10700.00, 0, '%', 0.00, 10700.00, 12.00, 1284.00, 11984.00, 1),
(124, 20, 721, '', 144.65, 20.00, 'No', 2893.00, 0, '%', 0.00, 2893.00, 12.00, 347.16, 3240.16, 1),
(125, 21, 145, '', 89.30, 10.00, 'No', 893.00, 0, '%', 0.00, 2673.00, 12.00, 107.16, 1000.16, 1),
(126, 21, 60, '', 7.12, 250.00, 'No', 1780.00, 0, '%', 0.00, 2673.00, 18.00, 320.40, 2100.40, 1),
(127, 22, 352, '', 1627.12, 3.00, 'No', 4881.36, 0, '%', 0.00, 4881.36, 18.00, 878.64, 5760.00, 1),
(128, 23, 314, '', 491.10, 7.00, 'No', 3437.70, 0, '%', 0.00, 3437.70, 12.00, 412.52, 3850.22, 1),
(129, 23, 637, '', 250.00, 5.00, 'No', 1250.00, 0, '%', 0.00, 1250.00, 12.00, 150.00, 1400.00, 1),
(130, 23, 837, '', 21.20, 13.00, 'No', 275.60, 0, '%', 0.00, 275.60, 18.00, 49.61, 325.21, 1),
(131, 23, 294, '', 11.90, 21.00, 'MTR', 249.90, 0, '%', 0.00, 249.90, 18.00, 44.98, 294.88, 1),
(132, 23, 116, '', 848.00, 2.00, 'No', 1696.00, 0, '%', 0.00, 1696.00, 12.00, 203.52, 1899.52, 0),
(133, 24, 145, '', 89.30, 10.00, 'No', 893.00, 0, '%', 0.00, 4076.25, 12.00, 107.16, 1000.16, 1),
(134, 24, 213, '', 267.50, 2.00, 'No', 535.00, 0, '%', 0.00, 4076.25, 12.00, 64.20, 599.20, 1),
(135, 24, 142, '', 110.21, 5.00, 'No', 551.05, 0, '%', 0.00, 4076.25, 12.00, 66.13, 617.18, 1),
(136, 24, 180, '', 209.72, 10.00, 'No', 2097.20, 0, '%', 0.00, 4076.25, 12.00, 251.66, 2348.86, 1),
(137, 25, 961, '', 143.31, 2.00, 'No', 286.62, 0, '%', 0.00, 537.54, 18.00, 51.59, 338.21, 1),
(138, 25, 956, '', 57.12, 1.00, 'No', 57.12, 0, '%', 0.00, 537.54, 18.00, 10.28, 67.40, 1),
(139, 25, 954, '', 38.76, 5.00, 'No', 193.80, 0, '%', 0.00, 537.54, 18.00, 34.88, 228.68, 1),
(140, 26, 497, '', 34.17, 15.00, 'No', 512.55, 0, '%', 0.00, 16456.15, 18.00, 92.26, 604.81, 1),
(141, 26, 498, '', 45.39, 15.00, 'No', 680.85, 0, '%', 0.00, 16456.15, 18.00, 122.55, 803.40, 1),
(142, 26, 499, '', 55.59, 20.00, 'No', 1111.80, 0, '%', 0.00, 16456.15, 18.00, 200.12, 1311.92, 1),
(143, 26, 500, '', 67.32, 25.00, 'No', 1683.00, 0, '%', 0.00, 16456.15, 18.00, 302.94, 1985.94, 1),
(144, 26, 502, '', 89.25, 20.00, 'No', 1785.00, 0, '%', 0.00, 16456.15, 18.00, 321.30, 2106.30, 1),
(145, 26, 503, '', 111.18, 20.00, 'No', 2223.60, 0, '%', 0.00, 16456.15, 18.00, 400.25, 2623.85, 1),
(146, 26, 504, '', 139.23, 15.00, 'No', 2088.45, 0, '%', 0.00, 16456.15, 18.00, 375.92, 2464.37, 1),
(147, 26, 505, '', 158.61, 10.00, 'No', 1586.10, 0, '%', 0.00, 16456.15, 18.00, 285.50, 1871.60, 1),
(148, 26, 818, '', 8.48, 10.00, 'No', 84.80, 0, '%', 0.00, 16456.15, 18.00, 15.26, 100.06, 1),
(149, 26, 793, '', 47.00, 100.00, 'No', 4700.00, 0, '%', 0.00, 16456.15, 18.00, 846.00, 5546.00, 1),
(150, 27, 442, '', 22.90, 100.00, 'No', 2290.00, 0, '%', 0.00, 19659.25, 18.00, 412.20, 2702.20, 1),
(151, 27, 446, '', 65.28, 5.00, 'No', 326.40, 0, '%', 0.00, 19659.25, 18.00, 58.75, 385.15, 1),
(152, 27, 443, '', 107.10, 5.00, 'No', 535.50, 0, '%', 0.00, 19659.25, 18.00, 96.39, 631.89, 1),
(153, 27, 444, '', 69.87, 10.00, 'No', 698.70, 0, '%', 0.00, 19659.25, 18.00, 125.77, 824.47, 1),
(154, 27, 456, '', 111.18, 1.00, 'No', 111.18, 0, '%', 0.00, 19659.25, 18.00, 20.01, 131.19, 1),
(155, 27, 457, '', 188.19, 2.00, 'No', 376.38, 0, '%', 0.00, 19659.25, 18.00, 67.75, 444.13, 1),
(156, 27, 458, '', 266.22, 5.00, 'No', 1331.10, 0, '%', 0.00, 19659.25, 18.00, 239.60, 1570.70, 1),
(157, 27, 461, '', 77.10, 20.00, 'No', 1542.00, 0, '%', 0.00, 19659.25, 18.00, 277.56, 1819.56, 1),
(158, 27, 462, '', 138.21, 7.00, 'No', 967.47, 0, '%', 0.00, 19659.25, 18.00, 174.14, 1141.61, 1),
(159, 27, 523, '', 51.00, 2.00, 'No', 102.00, 0, '%', 0.00, 19659.25, 18.00, 18.36, 120.36, 1),
(160, 27, 524, '', 51.00, 10.00, 'No', 510.00, 0, '%', 0.00, 19659.25, 18.00, 91.80, 601.80, 1),
(161, 27, 525, '', 63.24, 10.00, 'No', 632.40, 0, '%', 0.00, 19659.25, 18.00, 113.83, 746.23, 1),
(162, 27, 526, '', 75.99, 20.00, 'No', 1519.80, 0, '%', 0.00, 19659.25, 18.00, 273.56, 1793.36, 1),
(163, 27, 522, '', 102.51, 25.00, 'No', 2562.75, 0, '%', 0.00, 19659.25, 18.00, 461.30, 3024.05, 1),
(164, 27, 527, '', 157.59, 20.00, 'No', 3151.80, 0, '%', 0.00, 19659.25, 18.00, 567.32, 3719.12, 1),
(165, 27, 530, '', 143.31, 10.00, 'No', 1433.10, 0, '%', 0.00, 19659.25, 18.00, 257.96, 1691.06, 1),
(166, 27, 818, '', 8.48, 10.00, 'No', 84.80, 0, '%', 0.00, 19659.25, 18.00, 15.26, 100.06, 1),
(167, 27, 564, '', 100.00, 1.00, 'NO', 100.00, 0, '%', 0.00, 19659.25, 18.00, 18.00, 118.00, 1),
(168, 27, 555, '', 28.50, 25.00, 'No', 712.50, 0, '%', 0.00, 19659.25, 18.00, 128.25, 840.75, 1),
(169, 27, 556, '', 28.50, 10.00, 'No', 285.00, 0, '%', 0.00, 19659.25, 18.00, 51.30, 336.30, 1),
(170, 27, 557, '', 20.91, 7.00, 'No', 146.37, 0, '%', 0.00, 19659.25, 18.00, 26.35, 172.72, 1),
(171, 27, 407, '', 60.00, 4.00, 'No', 240.00, 0, '%', 0.00, 19659.25, 18.00, 43.20, 283.20, 1),
(172, 28, 145, '', 100.00, 10.00, 'No', 1000.00, 0, '%', 0.00, 37064.80, 12.00, 120.00, 1120.00, 1),
(173, 28, 142, '', 100.00, 5.00, 'No', 500.00, 0, '%', 0.00, 37064.80, 12.00, 60.00, 560.00, 1),
(174, 28, 140, '', 100.00, 10.00, 'No', 1000.00, 0, '%', 0.00, 37064.80, 12.00, 120.00, 1120.00, 1),
(175, 28, 193, '', 340.00, 50.00, 'No', 17000.00, 0, '%', 0.00, 37064.80, 12.00, 2040.00, 19040.00, 1),
(176, 28, 199, '', 230.00, 16.00, 'No', 3680.00, 0, '%', 0.00, 37064.80, 12.00, 441.60, 4121.60, 1),
(177, 28, 173, '', 185.00, 30.00, 'No', 5550.00, 0, '%', 0.00, 37064.80, 12.00, 666.00, 6216.00, 1),
(178, 28, 738, '', 550.00, 15.00, 'No', 8250.00, 0, '%', 0.00, 37064.80, 12.00, 990.00, 9240.00, 1),
(179, 28, 818, '', 8.48, 10.00, 'No', 84.80, 0, '%', 0.00, 37064.80, 18.00, 15.26, 100.06, 1),
(180, 29, 37, '', 1150.00, 2.00, 'No', 2300.00, 0, '%', 0.00, 11330.00, 18.00, 414.00, 2714.00, 1),
(181, 29, 83, '', 380.00, 2.00, 'No', 760.00, 0, '%', 0.00, 11330.00, 18.00, 136.80, 896.80, 1),
(182, 29, 131, '', 97.00, 15.00, 'No', 1455.00, 0, '%', 0.00, 11330.00, 18.00, 261.90, 1716.90, 1),
(183, 29, 10, '', 96.00, 10.00, 'No', 960.00, 0, '%', 0.00, 11330.00, 18.00, 172.80, 1132.80, 1),
(184, 29, 63, '', 95.00, 5.00, 'No', 475.00, 0, '%', 0.00, 11330.00, 18.00, 85.50, 560.50, 1),
(185, 29, 88, '', 95.00, 4.00, 'No', 380.00, 0, '%', 0.00, 11330.00, 18.00, 68.40, 448.40, 1),
(186, 29, 120, '', 500.00, 10.00, 'No', 5000.00, 0, '%', 0.00, 11330.00, 18.00, 900.00, 5900.00, 1),
(187, 30, 721, '', 220.00, 30.00, 'No', 6600.00, 0, '%', 0.00, 16780.00, 12.00, 792.00, 7392.00, 1),
(188, 30, 723, '', 120.00, 20.00, 'No', 2400.00, 0, '%', 0.00, 16780.00, 12.00, 288.00, 2688.00, 1),
(189, 30, 724, '', 150.00, 20.00, 'No', 3000.00, 0, '%', 0.00, 16780.00, 12.00, 360.00, 3360.00, 1),
(190, 30, 728, '', 60.00, 20.00, 'No', 1200.00, 0, '%', 0.00, 16780.00, 12.00, 144.00, 1344.00, 1),
(191, 30, 729, '', 67.00, 20.00, 'No', 1340.00, 0, '%', 0.00, 16780.00, 12.00, 160.80, 1500.80, 1),
(192, 30, 730, '', 85.00, 20.00, 'No', 1700.00, 0, '%', 0.00, 16780.00, 12.00, 204.00, 1904.00, 1),
(193, 30, 731, '', 27.00, 20.00, 'No', 540.00, 0, '%', 0.00, 16780.00, 12.00, 64.80, 604.80, 1),
(194, 31, 116, '', 1020.00, 10.00, 'No', 10200.00, 0, '%', 0.00, 13700.00, 12.00, 1224.00, 11424.00, 1),
(195, 31, 73, '', 700.00, 5.00, 'No', 3500.00, 0, '%', 0.00, 13700.00, 12.00, 420.00, 3920.00, 1),
(196, 23, 232, '', 8.30, 1.00, 'No', 8.30, 0, '%', 0.00, 8.30, 18.00, 1.49, 9.79, 1),
(197, 32, 2, '', 500.00, 1.00, 'MTR', 500.00, 0, '%', 0.00, 500.00, 18.00, 90.00, 590.00, 1),
(198, 33, 1, '', 500.00, 1.00, 'MTR', 500.00, 0, '%', 0.00, 500.00, 18.00, 90.00, 590.00, 1),
(199, 34, 1, '', 500.00, 1.00, 'MTR', 500.00, 0, '%', 0.00, 500.00, 18.00, 90.00, 590.00, 1),
(200, 35, 23, '', 120.00, 10.00, 'No', 1200.00, 0, '%', 0.00, 1200.00, 18.00, 216.00, 1416.00, 1),
(201, 36, 1, '', 500.00, 1.00, 'MTR', 500.00, 0, '%', 0.00, 500.00, 18.00, 90.00, 590.00, 1),
(202, 37, 1, '', 50.00, 1.00, 'MTR', 50.00, 0, '%', 0.00, 50.00, 18.00, 9.00, 59.00, 1),
(203, 38, 1, '', 500.00, 1.00, 'MTR', 500.00, 0, '%', 0.00, 500.00, 18.00, 90.00, 590.00, 1),
(204, 39, 1, '', 500.00, 1.00, 'MTR', 500.00, 0, '%', 0.00, 500.00, 18.00, 90.00, 590.00, 1),
(205, 40, 23, '', 500.00, 1.00, 'No', 500.00, 0, '%', 0.00, 500.00, 18.00, 90.00, 590.00, 1),
(206, 41, 1, '', 500.00, 1.00, 'MTR', 500.00, 0, '%', 0.00, 500.00, 18.00, 90.00, 590.00, 1),
(207, 42, 1, '', 500.00, 1.00, 'MTR', 500.00, 0, '%', 0.00, 500.00, 18.00, 90.00, 590.00, 1),
(208, 43, 1, '', 560.00, 5.00, 'MTR', 2800.00, 0, '%', 0.00, 2800.00, 18.00, 504.00, 3304.00, 1),
(209, 44, 1, 'Ahsgdcaech', 500.00, 5.00, 'MTR', 2500.00, 0, '%', 0.00, 2500.00, 18.00, 450.00, 2950.00, 1),
(210, 45, 1, 'ok', 500.00, 1.00, 'MTR', 500.00, 0, '%', 0.00, 500.00, 18.00, 90.00, 590.00, 1),
(211, 46, 1, '', 500.00, 1.00, 'MTR', 500.00, 0, '%', 0.00, 500.00, 18.00, 90.00, 590.00, 0),
(212, 47, 1, 'Test Description', 500.00, 1.00, 'MTR', 500.00, 0, '%', 0.00, 500.00, 18.00, 90.00, 590.00, 1);

-- --------------------------------------------------------

--
-- Table structure for table `bill_master_tbl`
--

CREATE TABLE `bill_master_tbl` (
  `BM_ID` int(11) NOT NULL,
  `EWAY_NO` varchar(50) DEFAULT NULL,
  `INVOICE_NO` varchar(15) NOT NULL,
  `BM_DATE` date NOT NULL,
  `CUST_ID` int(11) NOT NULL,
  `REF_NAME` varchar(50) DEFAULT NULL,
  `REF_BY` varchar(50) DEFAULT NULL,
  `GST_TYPE` varchar(10) DEFAULT NULL,
  `TAXABLE_AMT` float(11,2) NOT NULL,
  `DISC_AMT` float(11,2) NOT NULL,
  `TAX_AMT` float(11,2) NOT NULL,
  `BILL_AMT` float(11,2) NOT NULL,
  `FINAL_AMT` float(11,2) NOT NULL,
  `REC_AMT` float(11,2) NOT NULL,
  `DUE_AMT` float(11,2) NOT NULL,
  `TERM_FLAG` int(11) NOT NULL DEFAULT 0,
  `REF_FLAG` int(11) DEFAULT 0,
  `QUO_ID` int(11) DEFAULT 0,
  `WORKM_ID` int(11) NOT NULL DEFAULT 0,
  `TERMS` varchar(250) DEFAULT NULL,
  `DEL_FLAG` int(11) NOT NULL DEFAULT 1
) ENGINE=InnoDB DEFAULT CHARSET=latin1;

--
-- Dumping data for table `bill_master_tbl`
--

INSERT INTO `bill_master_tbl` (`BM_ID`, `EWAY_NO`, `INVOICE_NO`, `BM_DATE`, `CUST_ID`, `REF_NAME`, `REF_BY`, `GST_TYPE`, `TAXABLE_AMT`, `DISC_AMT`, `TAX_AMT`, `BILL_AMT`, `FINAL_AMT`, `REC_AMT`, `DUE_AMT`, `TERM_FLAG`, `REF_FLAG`, `QUO_ID`, `WORKM_ID`, `TERMS`, `DEL_FLAG`) VALUES
(1, '', '20-21/1', '2021-02-16', 4, '', '', 'GST', 4243.49, 0.00, 656.68, 4900.00, 4900.00, 4900.00, 0.00, 0, 1, 0, 0, NULL, 1),
(2, '', '20-21/2', '2021-02-18', 8, '', '', 'GST', 12749.50, 0.00, 1540.62, 14290.00, 14290.00, 0.00, 14290.00, 0, 1, 0, 0, NULL, 1),
(3, '', '20-21/3', '2021-02-18', 9, '', '', 'GST', 10700.00, 0.00, 1284.00, 11984.00, 11984.00, 11984.00, 0.00, 0, 1, 0, 0, NULL, 1),
(4, '', '20-21/4', '2021-02-18', 7, '', '', 'GST', 9881.64, 0.00, 1778.70, 11660.00, 11660.00, 11660.00, 0.00, 0, 1, 5, 0, NULL, 1),
(5, '', '20-21/5', '2021-02-19', 10, '', '', 'GST', 2846.20, 0.00, 341.54, 3188.00, 3188.00, 3100.00, 88.00, 0, 1, 0, 0, NULL, 1),
(6, '', '20-21/6', '2021-02-19', 11, '', '', 'GST', 7800.00, 0.00, 1404.00, 9204.00, 9204.00, 9204.00, 0.00, 0, 1, 0, 0, NULL, 1),
(7, '', '20-21/7', '2021-02-19', 5, '', '', 'GST', 4921.43, 0.00, 885.86, 5807.00, 5807.00, 5807.00, 0.00, 0, 1, 3, 0, NULL, 1),
(8, '', '20-21/8', '2021-02-19', 5, '', '', 'GST', 4921.43, 0.00, 885.86, 5807.00, 5807.00, 5807.00, 0.00, 0, 1, 3, 0, NULL, 1),
(9, '', '20-21/9', '2021-02-22', 12, '', '', 'GST', 63200.00, 0.00, 7584.00, 70784.00, 70784.00, 0.00, 70784.00, 0, 1, 0, 0, NULL, 1),
(10, '', '20-21/10', '2021-02-22', 13, '', '', 'GST', 24394.69, 0.00, 4391.04, 28786.00, 28786.00, 28786.00, 0.00, 0, 1, 0, 0, NULL, 1),
(11, '', '20-21/11', '2021-02-01', 14, '', '', 'GST', 16775.67, 0.00, 3019.62, 19795.00, 19795.00, 19795.00, 0.00, 0, 1, 0, 0, NULL, 1),
(12, '', '20-21/12', '2021-02-05', 14, '', '', 'GST', 15063.82, 0.00, 2711.49, 17775.00, 17775.00, 17775.00, 0.00, 0, 1, 0, 0, NULL, 1),
(13, '', '20-21/13', '2021-02-15', 14, '', '', 'GST', 11408.10, 0.00, 2053.46, 13462.00, 13462.00, 13462.00, 0.00, 0, 1, 0, 0, NULL, 1),
(14, '', '20-21/14', '2021-02-21', 14, '', '', 'GST', 17550.00, 0.00, 2106.00, 19656.00, 19656.00, 19656.00, 0.00, 0, 1, 0, 0, NULL, 1),
(15, '', '20-21/15', '2021-02-19', 14, '', '', 'GST', 16490.00, 0.00, 2752.80, 19243.00, 19243.00, 19243.00, 0.00, 0, 1, 0, 0, NULL, 1),
(16, '', '20-21/16', '2021-02-25', 14, '', '', 'GST', 4525.70, 0.00, 543.08, 5069.00, 5069.00, 5069.00, 0.00, 0, 1, 0, 0, NULL, 1),
(17, '', '20-21/17', '2021-03-04', 5, '', '', 'GST', 1048.90, 0.00, 188.80, 1238.00, 1238.00, 1238.00, 0.00, 0, 1, 0, 0, NULL, 1),
(18, '', '20-21/18', '2021-03-08', 8, '', '', 'GST', 2979.20, 0.00, 357.50, 3337.00, 3337.00, 0.00, 3337.00, 0, 1, 0, 0, NULL, 1),
(19, '', '20-21/19', '2021-03-08', 9, '', '', 'GST', 10700.00, 0.00, 1284.00, 11984.00, 11984.00, 3400.00, 8584.00, 0, 1, 0, 0, NULL, 1),
(20, '', '20-21/20', '2021-03-13', 15, '', '', 'GST', 2893.00, 0.00, 347.16, 3240.00, 3240.00, 0.00, 3240.00, 0, 1, 0, 0, NULL, 1),
(21, '', '20-21/21', '2021-03-25', 8, '', '', 'GST', 2673.00, 0.00, 427.56, 3101.00, 3101.00, 0.00, 3101.00, 0, 1, 0, 0, NULL, 1),
(22, '', '21-22/1', '2021-04-01', 16, '', '', 'GST', 4881.36, 0.00, 878.64, 5760.00, 5760.00, 0.00, 5760.00, 0, 1, 0, 0, NULL, 1),
(23, '', '21-22/2', '2021-04-16', 17, '', '', 'GST', 5221.50, 0.00, 658.61, 5880.00, 5880.00, 0.00, 5880.00, 0, 1, 0, 0, NULL, 1),
(24, '', '21-22/3', '2021-04-19', 8, '', '', 'GST', 4076.25, 0.00, 489.15, 4565.00, 4565.00, 0.00, 4565.00, 0, 1, 0, 0, NULL, 1),
(25, '', '21-22/4', '2021-04-26', 5, '', '', 'GST', 537.54, 0.00, 96.76, 634.00, 634.00, 0.00, 634.00, 0, 1, 0, 0, NULL, 1),
(26, '', '21-22/5', '2021-04-05', 18, '', '', 'GST', 16456.15, 0.00, 2962.11, 19418.00, 19418.00, 0.00, 19418.00, 0, 1, 0, 0, NULL, 1),
(27, '', '21-22/6', '2021-04-10', 18, '', '', 'GST', 19659.25, 0.00, 3538.66, 23198.00, 23198.00, 0.00, 23198.00, 0, 1, 0, 0, NULL, 1),
(28, '', '21-22/8', '2021-04-15', 18, '', '', 'GST', 37064.80, 0.00, 4452.86, 41518.00, 41518.00, 0.00, 41518.00, 0, 1, 0, 0, NULL, 1),
(29, '', '21-22/10', '2021-04-19', 18, '', '', 'GST', 11330.00, 0.00, 2039.40, 13369.00, 13369.00, 0.00, 13369.00, 0, 1, 0, 0, NULL, 1),
(30, '', '21-22/11', '2021-04-23', 18, '', '', 'GST', 16780.00, 0.00, 2013.60, 18794.00, 18794.00, 0.00, 18794.00, 0, 1, 0, 0, NULL, 1),
(31, '', '21-22/12', '2021-04-28', 18, '', '', 'GST', 13700.00, 0.00, 1644.00, 15344.00, 15344.00, 0.00, 15344.00, 0, 1, 0, 0, NULL, 1),
(32, '', '21-22/13', '2021-06-18', 18, '', '', 'GST', 500.00, 0.00, 90.00, 590.00, 590.00, 500.00, 90.00, 0, 1, 0, 0, NULL, 1),
(33, '', '21-22/14', '2021-06-19', 11, '', '', 'GST', 500.00, 0.00, 90.00, 590.00, 590.00, 500.00, 90.00, 0, 1, 0, 0, NULL, 1),
(34, '', '21-22/15', '2021-06-19', 19, '', '', 'GST', 500.00, 0.00, 90.00, 590.00, 590.00, 500.00, 90.00, 0, 1, 0, 0, NULL, 1),
(35, '', '21-22/16', '2021-06-22', 9, '', '', 'GST', 1200.00, 0.00, 216.00, 1416.00, 1416.00, 0.00, 1416.00, 0, 0, 0, 0, NULL, 1),
(36, '', '21-22/17', '2021-06-22', 21, '', '', 'GST', 500.00, 0.00, 90.00, 590.00, 590.00, 0.00, 590.00, 0, 1, 0, 0, NULL, 1),
(37, '', '21-22/18', '2021-06-22', 21, '', '', 'GST', 50.00, 0.00, 9.00, 59.00, 59.00, 0.00, 59.00, 0, 1, 0, 0, NULL, 1),
(38, '', '21-22/19', '2021-06-26', 23, '', '', 'GST', 500.00, 0.00, 90.00, 590.00, 590.00, 590.00, 0.00, 0, 1, 0, 0, 'okok', 1),
(39, '', '21-22/20', '2021-06-29', 23, '', '', 'GST', 500.00, 0.00, 90.00, 590.00, 590.00, 590.00, 0.00, 1, 1, 0, 0, '', 1),
(40, '', '21-22/21', '2021-06-29', 23, '', '', 'GST', 500.00, 0.00, 90.00, 590.00, 590.00, 590.00, 0.00, 1, 1, 0, 0, '', 1),
(41, '', '21-22/22', '2021-06-29', 23, '', '', 'GST', 500.00, 0.00, 90.00, 590.00, 590.00, 590.00, 0.00, 1, 1, 0, 0, '', 1),
(42, '', '21-22/23', '2021-06-29', 23, '', '', 'GST', 500.00, 0.00, 90.00, 590.00, 590.00, 590.00, 0.00, 1, 1, 0, 0, '', 1),
(43, '', '21-22/24', '2021-06-30', 8, '', '', 'GST', 2800.00, 0.00, 504.00, 3304.00, 3304.00, 0.00, 3304.00, 1, 0, 0, 0, NULL, 1),
(44, '', '21-22/25', '2021-06-30', 23, 'Abhijeet', 'Abhijeet', 'GST', 2500.00, 0.00, 450.00, 2950.00, 2950.00, 450.00, 2500.00, 0, 0, 0, 0, NULL, 1),
(45, '', '21-22/26', '2021-06-30', 23, '', '', 'GST', 500.00, 0.00, 90.00, 590.00, 590.00, 500.00, 90.00, 0, 1, 0, 0, '', 1),
(46, '', '21-22/27', '2021-06-30', 32, '', '', 'GST', 500.00, 0.00, 90.00, 590.00, 590.00, 550.00, 40.00, 0, 1, 0, 0, '', 0),
(47, '', '21-22/27', '2021-06-30', 23, '', '', 'GST', 500.00, 0.00, 90.00, 590.00, 590.00, 500.00, 90.00, 0, 1, 0, 0, '', 1);

-- --------------------------------------------------------

--
-- Table structure for table `cust_tbl`
--

CREATE TABLE `cust_tbl` (
  `CUST_ID` int(11) NOT NULL,
  `CUST_CMP_NAME` varchar(255) DEFAULT NULL,
  `CUST_NAME` varchar(50) NOT NULL,
  `CUST_CAT` varchar(100) DEFAULT NULL,
  `CUST_MOBILE` varchar(15) NOT NULL,
  `CUST_EMAIL` varchar(255) DEFAULT NULL,
  `CUST_CITY` varchar(50) DEFAULT NULL,
  `CUST_ADDRESS` varchar(255) DEFAULT NULL,
  `CUST_DOB` date DEFAULT NULL,
  `CUST_GENDER` varchar(10) DEFAULT NULL,
  `CUST_LANDLINE` varchar(50) DEFAULT NULL,
  `CUST_ALT_MOBILE` varchar(20) DEFAULT NULL,
  `CUST_GSTNO` varchar(100) DEFAULT NULL,
  `CUST_STATE` varchar(100) DEFAULT NULL,
  `CUST_OPN_DUE` float(11,2) NOT NULL,
  `CUST_DUE` int(11) NOT NULL,
  `CUST_OPN_DUE1` float(11,2) DEFAULT NULL,
  `DEL_FLAG` int(11) NOT NULL DEFAULT 1
) ENGINE=InnoDB DEFAULT CHARSET=latin1;

--
-- Dumping data for table `cust_tbl`
--

INSERT INTO `cust_tbl` (`CUST_ID`, `CUST_CMP_NAME`, `CUST_NAME`, `CUST_CAT`, `CUST_MOBILE`, `CUST_EMAIL`, `CUST_CITY`, `CUST_ADDRESS`, `CUST_DOB`, `CUST_GENDER`, `CUST_LANDLINE`, `CUST_ALT_MOBILE`, `CUST_GSTNO`, `CUST_STATE`, `CUST_OPN_DUE`, `CUST_DUE`, `CUST_OPN_DUE1`, `DEL_FLAG`) VALUES
(1, NULL, 'ANIKET BHOSALE', NULL, '8767337565', NULL, 'k. mahankal', NULL, NULL, NULL, NULL, NULL, NULL, 'Maharashtra', 0.00, 71, NULL, 0),
(2, NULL, 'GRAMPANCHAYAT, NARSINHGAON', NULL, '9673603004', NULL, 'NARSINHGAON', NULL, NULL, NULL, NULL, NULL, '', 'Maharashtra', 0.00, 0, NULL, 0),
(3, NULL, 'Z.P. SCHOOL, VIKASNAGAR', NULL, '', NULL, 'BELANKI', NULL, NULL, NULL, NULL, NULL, '', 'Maharashtra', 0.00, 0, NULL, 0),
(4, NULL, 'Z.P. SCHOOL, VIKASNAGAR', NULL, '', NULL, 'BELANKI', NULL, NULL, NULL, NULL, NULL, '', 'Maharashtra', 0.00, 0, NULL, 1),
(5, NULL, 'SIDDHESHWAR KIRANA STORE', NULL, '9421221934', NULL, 'KAVATHE-MAHANKAL', NULL, NULL, NULL, NULL, NULL, '', 'Maharashtra', 0.00, 634, NULL, 1),
(6, NULL, 'LAXMAN KADAM', NULL, '9665225504', NULL, 'NARSINHGAON', NULL, NULL, NULL, NULL, NULL, '', 'Maharashtra', 0.00, 0, NULL, 1),
(7, NULL, 'VENKATESHWAR FURNITURE', NULL, '9665485320', NULL, 'K.MAHANKAL', NULL, NULL, NULL, NULL, NULL, '', 'Maharashtra', 0.00, 0, NULL, 1),
(8, NULL, 'ARIHANT ELECTRICALS', NULL, '9673885287', NULL, 'SANGLI', NULL, NULL, NULL, NULL, NULL, '27BSSPP2888J1ZP', 'Maharashtra', 0.00, 28597, NULL, 1),
(9, NULL, 'CHANDAWALE ELECTRICALS', NULL, '9665570807', NULL, 'ATPADI', NULL, NULL, NULL, NULL, NULL, '27BEQPC2261A1ZX', 'Maharashtra', 0.00, 10000, NULL, 1),
(10, NULL, 'SUJAL ELECTRICAL', NULL, '9833198224', NULL, 'DHALGAON', NULL, NULL, NULL, NULL, NULL, '', 'Maharashtra', 0.00, 88, NULL, 1),
(11, NULL, 'SINDURAJ ENTERPRISES', NULL, '9067819347', 'suryawanshi.nehaj28@gmail.com', 'Sangli', NULL, NULL, NULL, NULL, NULL, '27BHLPM8571M1ZG', 'Maharashtra', 0.00, 90, NULL, 1),
(12, NULL, 'MAHABAL METALS PVT LTD', NULL, '', NULL, 'PLOT NO 23,24 & A5/1&2 MIDC MIRAJ', NULL, NULL, NULL, NULL, NULL, '27AABCM8611K1ZB', 'Maharashtra', 0.00, 70784, NULL, 1),
(13, NULL, 'NIKAM ENGINEERS', NULL, '9762871700', NULL, 'Pune', NULL, NULL, NULL, NULL, NULL, '27AFPPN1741K1Z2', 'Maharashtra', 0.00, 0, NULL, 1),
(14, NULL, 'SHREE SAI ELECTRONIC SYSTEM', NULL, '9370544085', NULL, 'SANGLI', NULL, NULL, NULL, NULL, NULL, '27EBXPM3107A1ZO', 'Maharashtra', 0.00, 0, NULL, 1),
(15, NULL, 'TECHNO SALES CORPORATION', NULL, '9372454545', NULL, 'SANGLI', NULL, NULL, NULL, NULL, NULL, '27AGHPT9771C1ZX', 'Maharashtra', 0.00, 3240, NULL, 1),
(16, NULL, 'RAYAWADI GRAMPANCHAYAT', NULL, '9308337550', NULL, 'Rayawadi', NULL, NULL, NULL, NULL, NULL, '', 'Maharashtra', 0.00, 5760, NULL, 1),
(17, NULL, 'SARAPANCH GRAMPANCHAYAT NARSINHGAON', NULL, '', NULL, 'NARSINHGAON', NULL, NULL, NULL, NULL, NULL, '', 'Maharashtra', 0.00, 5880, NULL, 1),
(18, NULL, 'ATUL BELE BUILDERS CONTRACTORS & DEVELOPERS', NULL, '9067819347', NULL, 'SANGLI', NULL, NULL, NULL, NULL, NULL, '27AYEPB9528J1Z7', 'Maharashtra', 0.00, 131731, NULL, 1),
(19, NULL, 'NEHA', NULL, '9067819347', 'suryawanshi.nehaj28@gmail.com', 'palus', NULL, NULL, NULL, NULL, NULL, '123456789123451', 'Maharashtra', 0.00, 0, NULL, 1),
(20, NULL, 'NEHAPUDALE', 'employee', '9049573197', 'suryawanshi.nehaj28@gmail.com', 'palus', NULL, NULL, NULL, NULL, NULL, '123456789123457', 'Maharashtra', 0.00, 0, NULL, 1),
(21, NULL, 'VIHAN', 'student', '9067819347', 'suryawanshi.nehaj28@gmail.com', 'palus', NULL, NULL, NULL, NULL, NULL, '123456789123451', 'Maharashtra', 0.00, 649, NULL, 1),
(22, NULL, 'ABHIJEET', 'student', '9049573197', 'suryawanshi.nehaj28@gmail.com', 'palus', NULL, NULL, NULL, NULL, NULL, '123456789123451', 'Maharashtra', 0.00, 0, NULL, 1),
(23, NULL, 'ABCD', NULL, '9049573197', 'suryawanshi.nehaj28@gmail.com', 'palus', NULL, NULL, NULL, NULL, NULL, '123456789123451', 'Maharashtra', 0.00, 2680, NULL, 1),
(24, NULL, 'NEHAp', NULL, '', '', '', NULL, NULL, NULL, NULL, NULL, '', '', 0.00, 0, NULL, 1),
(25, NULL, 'ABHIJEET6', NULL, '', '', '', NULL, NULL, NULL, NULL, NULL, '', '', 0.00, 0, NULL, 1),
(26, NULL, 'ABHIJEET4', NULL, '', '', '', NULL, NULL, NULL, NULL, NULL, '', '', 0.00, 0, NULL, 1),
(27, NULL, 'ABHIJEET1', NULL, '', '', '', NULL, NULL, NULL, NULL, NULL, '', '', 0.00, 0, NULL, 1),
(28, NULL, 'NEHAS', NULL, '9049573197', '', 'palus', NULL, NULL, NULL, NULL, NULL, '123456789123451', 'Maharashtra', 0.00, 0, NULL, 1),
(29, NULL, 'sonali', NULL, '9067819347', NULL, 'city', NULL, NULL, NULL, NULL, NULL, '123456789512347', 'Maharashtra', 0.00, 0, NULL, 1),
(30, NULL, 'ABHIJEET9', 'Test', '9923430700', 'abhi.bavadhankar700@gmail.com', 'Sangli', NULL, NULL, NULL, NULL, NULL, '', 'Maharashtra', 0.00, 0, NULL, 1),
(31, NULL, 'nehaSuryawanshi', NULL, '9067819347', NULL, 'palus', NULL, NULL, NULL, NULL, NULL, '12345678952', 'Maharashtra', 0.00, 0, NULL, 1),
(32, NULL, 'VIHANPUDALE', NULL, '9049573197', '', 'palus', NULL, NULL, NULL, NULL, NULL, '123456789123451', 'Maharashtra', 0.00, 0, NULL, 1),
(33, NULL, 'CATEGORY', 'employee', '9067819347', '', 'palus', NULL, NULL, NULL, NULL, NULL, '123456789123451', 'Maharashtra', 0.00, 0, NULL, 1),
(34, NULL, 'nehaPS', NULL, '9067819347', NULL, 'palus', NULL, NULL, NULL, NULL, NULL, '1213456842696', '', 0.00, 0, NULL, 1),
(35, NULL, 'ViahanS', NULL, '9067819347', NULL, 'palus', NULL, NULL, NULL, NULL, NULL, '16', 'Maharashtra', 0.00, 0, NULL, 1),
(36, NULL, 'VihanP', NULL, '9067819347', NULL, 'palus', NULL, NULL, NULL, NULL, NULL, '16', '', 0.00, 0, NULL, 1),
(37, NULL, 'VIHANSP', 'employee', '9067819347', NULL, 'palus', NULL, NULL, NULL, NULL, NULL, '16', '', 0.00, 0, NULL, 1),
(38, NULL, 'sakhi', 'friend', '9067819347', NULL, 'palus', NULL, NULL, NULL, NULL, NULL, '16', 'Maharashtra', 0.00, 0, NULL, 1),
(39, NULL, 'NILESH', 'Text', '9923430700', NULL, 'sangli', NULL, NULL, NULL, NULL, NULL, '', 'Maharashtra', 0.00, 0, NULL, 1);

-- --------------------------------------------------------

--
-- Table structure for table `profile_firm_tbl`
--

CREATE TABLE `profile_firm_tbl` (
  `FIRM_ID` int(11) NOT NULL,
  `FIRM_NAME` varchar(40) NOT NULL,
  `FIRM_ADDRESS` varchar(100) NOT NULL,
  `FIRM_CITY` varchar(30) NOT NULL,
  `FIRM_STATE` varchar(30) NOT NULL,
  `FIRM_PINCODE` int(11) NOT NULL,
  `FIRM_MOBILE` varchar(50) NOT NULL,
  `FIRM_EMAIL` varchar(40) NOT NULL,
  `WEB_SITE` varchar(50) NOT NULL,
  `FIRM_GSTIN` varchar(20) NOT NULL,
  `FIRM_PAN` varchar(10) NOT NULL,
  `FIRM_ALT_MOB` bigint(20) NOT NULL,
  `FIRM_LANDLINE` varchar(20) NOT NULL,
  `IMG_PATH` varchar(50) NOT NULL,
  `BANK_NAME` varchar(40) NOT NULL,
  `ACC_NO` varchar(20) NOT NULL,
  `ACC_TYPE` varchar(20) NOT NULL,
  `BRANCH` varchar(50) NOT NULL,
  `IFSC` varchar(20) NOT NULL,
  `FOOTER` varchar(200) NOT NULL,
  `DEL_FLG` int(11) NOT NULL DEFAULT 1
) ENGINE=MyISAM DEFAULT CHARSET=latin1;

--
-- Dumping data for table `profile_firm_tbl`
--

INSERT INTO `profile_firm_tbl` (`FIRM_ID`, `FIRM_NAME`, `FIRM_ADDRESS`, `FIRM_CITY`, `FIRM_STATE`, `FIRM_PINCODE`, `FIRM_MOBILE`, `FIRM_EMAIL`, `WEB_SITE`, `FIRM_GSTIN`, `FIRM_PAN`, `FIRM_ALT_MOB`, `FIRM_LANDLINE`, `IMG_PATH`, `BANK_NAME`, `ACC_NO`, `ACC_TYPE`, `BRANCH`, `IFSC`, `FOOTER`, `DEL_FLG`) VALUES
(1, 'VIDHAN COMPRESSOR', '6/162, Kapad Market, Opp. Rajiv Gandhi Bhavan, Ichalkarnji - 416115', 'Ichalkarnji ', 'Maharashtra', 416115, '+91 9890501808 / +91 9403407920', 'vidhancompressors@gmail.com', 'www.vidhancompressors.com', '27AADAS1226Q1Z6', '', 0, '', '../../img/vidhanI.png', 'IDBI', '1822102000002462', 'Cuurent', 'Jaysingpur', 'IBKL0001822', 'LogiBit Technologies Pvt Ltd | www.logibit.in | info@logibit.in | +91 7378992525', 1);

-- --------------------------------------------------------

--
-- Table structure for table `student_tbl`
--

CREATE TABLE `student_tbl` (
  `STDNT_ID` int(11) NOT NULL,
  `SUBJ_ID` int(11) NOT NULL,
  `STDNT_NAME` varchar(100) DEFAULT NULL,
  `STDNT_EMAIL` varchar(100) DEFAULT NULL,
  `STDNT_MOB` varchar(50) DEFAULT NULL,
  `STDNT_ADDRS` varchar(250) DEFAULT NULL,
  `DEL_FLAG` int(11) NOT NULL DEFAULT 1
) ENGINE=InnoDB DEFAULT CHARSET=utf8mb4;

--
-- Dumping data for table `student_tbl`
--

INSERT INTO `student_tbl` (`STDNT_ID`, `SUBJ_ID`, `STDNT_NAME`, `STDNT_EMAIL`, `STDNT_MOB`, `STDNT_ADDRS`, `DEL_FLAG`) VALUES
(1, 1, 'Neha', 'neha@gmail.com', '9067819347', 'Palus', 1),
(2, 2, 'Vihan', 'Vihan@gmail.com', '9067819345', 'Palus', 1),
(3, 3, 'Gauravi', 'Gauravi@gmail.com', '9067819349', 'Palus', 1),
(4, 4, 'Ashutosh', 'Ashutosh@gmail.com', '9067819347', 'Palus', 1);

-- --------------------------------------------------------

--
-- Table structure for table `subject_tbl`
--

CREATE TABLE `subject_tbl` (
  `SUBJ_ID` int(11) NOT NULL,
  `SUBJ_NAME` varchar(50) DEFAULT NULL,
  `DEL_FLAG` int(11) NOT NULL DEFAULT 1
) ENGINE=InnoDB DEFAULT CHARSET=utf8mb4;

--
-- Dumping data for table `subject_tbl`
--

INSERT INTO `subject_tbl` (`SUBJ_ID`, `SUBJ_NAME`, `DEL_FLAG`) VALUES
(1, 'Marathi', 1),
(2, 'English', 1),
(3, 'Hindi', 1),
(4, 'Urdu', 1);

-- --------------------------------------------------------

--
-- Table structure for table `user_tbl`
--

CREATE TABLE `user_tbl` (
  `USER_ID` int(11) NOT NULL,
  `NAME` varchar(100) DEFAULT NULL,
  `EMAIL` varchar(50) DEFAULT NULL,
  `MOBILE` varchar(15) DEFAULT NULL,
  `GENDER` varchar(10) DEFAULT NULL,
  `QUALIFICATION` varchar(50) DEFAULT NULL,
  `ADDRESS` varchar(100) DEFAULT NULL,
  `DEL_FLAG` int(11) NOT NULL DEFAULT 1
) ENGINE=InnoDB DEFAULT CHARSET=utf8mb4;

--
-- Dumping data for table `user_tbl`
--

INSERT INTO `user_tbl` (`USER_ID`, `NAME`, `EMAIL`, `MOBILE`, `GENDER`, `QUALIFICATION`, `ADDRESS`, `DEL_FLAG`) VALUES
(1, 'vihan', 'vihan@gmail.com', '9067819347', 'male', 'post_graduate', 'palus', 1),
(2, 'rahul', 'suryawanshi.nehaj28@gmail.com', '9067819347', 'male', 'graduate', 'palus', 1),
(3, 'nweha', 'vihan@gmail.com', '9067819347', 'male', '', '', 1),
(4, 'neha', '', '', 'male', '', '', 1),
(5, 'neha', '', '', 'male', '', '', 1);

--
-- Indexes for dumped tables
--

--
-- Indexes for table `bill_details_tbl`
--
ALTER TABLE `bill_details_tbl`
  ADD PRIMARY KEY (`BD_ID`);

--
-- Indexes for table `bill_master_tbl`
--
ALTER TABLE `bill_master_tbl`
  ADD PRIMARY KEY (`BM_ID`);

--
-- Indexes for table `cust_tbl`
--
ALTER TABLE `cust_tbl`
  ADD PRIMARY KEY (`CUST_ID`);

--
-- Indexes for table `profile_firm_tbl`
--
ALTER TABLE `profile_firm_tbl`
  ADD PRIMARY KEY (`FIRM_ID`);

--
-- Indexes for table `student_tbl`
--
ALTER TABLE `student_tbl`
  ADD PRIMARY KEY (`STDNT_ID`);

--
-- Indexes for table `subject_tbl`
--
ALTER TABLE `subject_tbl`
  ADD PRIMARY KEY (`SUBJ_ID`);

--
-- Indexes for table `user_tbl`
--
ALTER TABLE `user_tbl`
  ADD PRIMARY KEY (`USER_ID`);

--
-- AUTO_INCREMENT for dumped tables
--

--
-- AUTO_INCREMENT for table `bill_details_tbl`
--
ALTER TABLE `bill_details_tbl`
  MODIFY `BD_ID` int(11) NOT NULL AUTO_INCREMENT, AUTO_INCREMENT=213;

--
-- AUTO_INCREMENT for table `bill_master_tbl`
--
ALTER TABLE `bill_master_tbl`
  MODIFY `BM_ID` int(11) NOT NULL AUTO_INCREMENT, AUTO_INCREMENT=48;

--
-- AUTO_INCREMENT for table `cust_tbl`
--
ALTER TABLE `cust_tbl`
  MODIFY `CUST_ID` int(11) NOT NULL AUTO_INCREMENT, AUTO_INCREMENT=40;

--
-- AUTO_INCREMENT for table `profile_firm_tbl`
--
ALTER TABLE `profile_firm_tbl`
  MODIFY `FIRM_ID` int(11) NOT NULL AUTO_INCREMENT, AUTO_INCREMENT=2;

--
-- AUTO_INCREMENT for table `student_tbl`
--
ALTER TABLE `student_tbl`
  MODIFY `STDNT_ID` int(11) NOT NULL AUTO_INCREMENT, AUTO_INCREMENT=5;

--
-- AUTO_INCREMENT for table `subject_tbl`
--
ALTER TABLE `subject_tbl`
  MODIFY `SUBJ_ID` int(11) NOT NULL AUTO_INCREMENT, AUTO_INCREMENT=5;

--
-- AUTO_INCREMENT for table `user_tbl`
--
ALTER TABLE `user_tbl`
  MODIFY `USER_ID` int(11) NOT NULL AUTO_INCREMENT, AUTO_INCREMENT=6;
COMMIT;

/*!40101 SET CHARACTER_SET_CLIENT=@OLD_CHARACTER_SET_CLIENT */;
/*!40101 SET CHARACTER_SET_RESULTS=@OLD_CHARACTER_SET_RESULTS */;
/*!40101 SET COLLATION_CONNECTION=@OLD_COLLATION_CONNECTION */;
